{
  "id": "200b825d-6280-4b60-9955-9cd42e7d6997",
  "name": "mytable1_environment",
  "values": [
    {
      "key": "token",
      "value": "eyJhbGciOiJIUzI1NiIsInR5cCI6IkpXVCJ9.eyJpZCI6IjYxMWRlZDVjMGFjMjAxMmFjMDI4ODkxZiIsInVzZXJuYW1lIjoiYWRtaW4iLCJpYXQiOjE2MjkzNTEyNzAsImV4cCI6MTYyOTk1MTI3MH0.BJ-WKjNYeFDQ4pn8kfli5gwn6GLz_c3voFht20Agj9k",
      "enabled": true
    },
    {
      "key": "url",
      "value": "http://localhost:5000",
      "enabled": true
    }
  ],
  "_postman_variable_scope": "environment",
  "_postman_exported_at": "2023-02-02T14:44:02.511Z",
  "_postman_exported_using": "Postman"
}